<?xml version="1.0" encoding="UTF-8"?>
<project-private xmlns="http://www.netbeans.org/ns/project-private/1">
    <editor-bookmarks xmlns="http://www.netbeans.org/ns/editor-bookmarks/2" lastBookmarkId="0"/>
    <open-files xmlns="http://www.netbeans.org/ns/projectui-open-files/2">
        <group>
            <file>file:/C:/Users/user/Desktop/HotelMangement/HotelMangementApplication/src/HotelPackage/Food.java</file>
            <file>file:/C:/Users/user/Desktop/HotelMangement/HotelMangementApplication/src/HotelPackage/Hotel.java</file>
            <file>file:/C:/Users/user/Desktop/HotelMangement/HotelMangementApplication/src/HotelPackage/HotelManagementApplication.java</file>
            <file>file:/C:/Users/user/Desktop/HotelMangement/HotelMangementApplication/src/HotelPackage/Billing.java</file>
        </group>
    </open-files>
</project-private>
